{"PanNet_SANM test loss":0.026244148079838072,"_wandb":{"runtime":116},"epoch":7,"PanNet_SANM train loss":0.027552008683628896,"_timestamp":1.7348740709494143e+09,"_runtime":105.7962522,"_step":13}